IGHV3-30-5	IGHV3-30	IGHV3-30-3
IGHV1-69	IGHV1-69D
IGHV3-32	IGHV3-30-22
IGHV4-30-4	IGHV4-30-2
IGHV3/OR16-20	IGHV3/OR16-10
IGHV3/OR16-17	IGHV3/OR16-8
IGHV(III)-67-4D	IGHV(III)-67-4
IGHV(II)-22-1D	IGHV(II)-22-1
IGHV(III)-22-2D	IGHV(III)-22-2
IGHV(III)/OR16-25	IGHV(III)/OR16-27
IGHV(II)-30-51	IGHV(II)-30-1	IGHV(II)-30-32
IGHV3-23D	IGHV3-23
IGHV(III)-44	IGHV(III)-44D	IGHV3/OR16-12	IGHV3-37
IGHV3-30-33	IGHV3-30-52	IGHV3-30-2
IGHV3-29	IGHV3-30-42
IGHV1-68	IGHV1-68D
IGHV2-70	IGHV2-70D
IGHV3/OR16-7	IGHV3/OR16-19
IGHV(II)-43-1	IGHV(II)-43-1D
IGHV1/OR16-21	IGHV1/OR16-2
